,0,1,2,3,4,5,6,7,8,9,10,11,12,13,14,15,16,17,18,19,20,21,22,23,24,25,26,27,28,29,30,31,32,33,34,35,36,37,38,39,40,41,42,43,44,45,46,47,48,49,50,51
0,Node1-PC,ApplicationFrameHost.exe,2,1,2,1,2,1,2,2,1,4,1,2,1,2,1,2,1,2,1,2,1,2,2,1,2,1,2,1,2,1,2,1,2,1,2,1,2,2,1,2,1,2,1,2,1,2,1,2,1,2
1,Node1-PC,Canva.exe,4,2,4,2,4,2,4,4,2,8,2,4,2,4,2,4,2,4,2,4,2,4,4,2,4,2,4,2,4,2,4,2,4,2,4,2,4,4,2,4,2,4,2,4,2,4,2,4,2,4
2,Node1-PC,Code.exe,16,8,16,8,16,8,16,16,8,32,8,16,8,16,8,16,8,16,8,16,8,16,16,8,16,8,16,8,16,8,16,8,16,8,16,8,16,16,8,16,8,16,8,16,8,16,8,16,8,16
3,Node1-PC,CompatTelRunner.exe,0,0,0,0,0,0,0,0,0,2,1,2,1,2,1,2,1,2,1,5,0,0,0,0,0,0,0,0,0,0,0,0,0,0,2,0,0,0,0,0,0,0,0,0,0,0,0,0,0,0
4,Node1-PC,DbxSvc.exe,2,1,2,1,2,1,2,2,1,4,1,2,1,2,1,2,1,2,1,2,1,2,2,1,2,1,2,1,2,1,2,1,2,1,2,1,2,2,1,2,1,2,1,2,1,2,1,2,1,2
5,Node1-PC,Discord.exe,12,6,12,6,12,6,12,12,6,24,6,12,6,12,6,12,6,12,6,12,6,12,12,6,12,6,12,6,12,6,12,6,12,6,12,6,12,12,6,12,6,12,6,12,6,12,6,12,6,12
6,Node1-PC,DiskSnapshot.exe,0,0,0,0,0,0,0,0,0,0,0,0,0,0,0,0,0,0,0,0,0,0,0,0,0,0,0,0,0,0,0,0,0,0,1,0,0,0,0,0,0,0,0,0,0,0,0,0,0,0
7,Node1-PC,DismHost.exe,0,0,0,0,0,0,0,0,0,2,0,0,0,0,0,0,0,0,0,0,0,0,0,0,0,0,0,0,0,0,0,0,0,0,0,0,0,0,0,0,0,0,0,0,0,0,0,0,0,0
8,Node1-PC,DropboxCrashHandler.exe,2,1,2,1,2,1,2,2,1,4,1,2,1,2,1,2,1,2,1,2,1,2,2,1,2,1,2,1,2,1,2,1,2,1,2,1,2,2,1,2,1,2,1,2,1,2,1,2,1,2
9,Node1-PC,GetSkype.exe,2,1,2,1,2,1,2,2,1,4,1,2,1,2,1,2,1,2,1,2,1,2,2,1,2,1,2,1,2,1,2,1,2,1,2,1,2,2,1,2,1,2,1,2,1,2,1,2,1,2
10,Node1-PC,InstallAgent.exe,0,0,0,0,0,0,0,0,0,1,0,0,0,0,0,0,0,0,0,0,0,0,0,0,0,0,0,0,0,0,0,0,0,0,0,0,0,0,0,0,0,0,0,0,0,0,0,0,0,0
11,Node1-PC,Microsoft.Photos.exe,0,0,0,0,0,0,0,0,0,0,0,0,0,0,0,0,0,0,0,0,0,0,0,0,0,0,0,0,0,0,0,0,0,0,2,0,0,0,0,0,0,0,0,0,0,0,0,0,0,0
12,Node1-PC,Microsoft.SharePoint.exe,0,0,0,0,0,0,0,0,0,0,0,0,0,0,0,0,0,0,0,0,0,0,0,0,0,0,0,0,0,0,0,0,1,0,0,0,0,0,0,0,0,0,0,0,0,0,0,0,0,0
13,Node1-PC,OneDrive.exe,2,1,2,1,2,1,2,2,1,4,1,2,1,2,1,2,1,2,1,2,1,2,2,1,2,1,2,1,2,1,2,1,2,1,2,1,2,2,1,2,1,2,1,2,1,2,1,2,1,2
14,Node1-PC,OneDriveStandaloneUpdater.exe,0,0,0,0,0,0,0,0,0,4,2,4,2,4,2,4,2,4,2,2,1,2,2,1,2,1,2,1,2,1,2,1,1,0,0,0,0,0,0,0,0,0,0,0,0,0,0,0,0,0
15,Node1-PC,PSEXESVC.exe,2,1,2,1,2,1,2,2,1,4,1,2,1,2,1,2,1,2,1,2,1,2,2,1,2,1,2,1,2,1,2,1,2,1,2,1,2,2,1,2,1,2,1,2,1,2,1,2,1,2
16,Node1-PC,PsExec.exe,2,1,2,1,2,1,2,2,1,4,1,2,1,2,1,2,1,2,1,2,1,2,2,1,2,1,2,1,2,1,2,1,2,1,2,1,2,2,1,2,1,2,1,2,1,2,1,2,1,2
17,Node1-PC,RuntimeBroker.exe,2,1,2,1,2,1,2,2,1,4,1,2,1,2,1,2,1,2,1,2,1,2,2,1,2,1,2,1,2,1,2,1,2,1,2,1,2,2,1,2,1,2,1,2,1,2,1,2,1,2
18,Node1-PC,SearchFilterHost.exe,2,1,2,1,2,1,2,2,1,4,1,1,1,2,1,2,1,2,1,2,1,2,2,1,2,1,2,1,2,1,2,1,2,1,2,1,2,2,1,2,1,2,1,2,1,2,1,2,1,2
19,Node1-PC,SearchIndexer.exe,2,1,2,1,2,1,2,2,1,4,1,2,1,2,1,2,1,2,1,2,1,2,2,1,2,1,2,1,2,1,2,1,2,1,2,1,2,2,1,2,1,2,1,2,1,2,1,2,1,2
20,Node1-PC,SearchProtocolHost.exe,2,1,2,1,2,1,2,2,1,4,1,2,1,2,1,2,1,2,1,2,1,2,2,1,2,1,2,1,2,1,2,1,2,1,2,1,2,2,1,2,1,2,1,2,1,2,1,2,1,2
21,Node1-PC,SearchUI.exe,2,1,2,1,2,1,2,2,1,4,1,2,1,2,1,2,1,2,1,2,1,2,2,1,2,1,2,1,2,1,2,1,2,1,2,1,2,2,1,2,1,2,1,2,1,2,1,2,1,2
22,Node1-PC,ShellExperienceHost.exe,2,1,2,1,2,1,2,2,1,4,1,2,1,2,1,2,1,2,1,2,1,2,2,1,2,1,2,1,2,1,2,1,2,1,2,1,2,2,1,2,1,2,1,2,1,2,1,2,1,2
23,Node1-PC,SppExtComObj.Exe,0,0,0,0,0,0,0,0,0,2,0,0,0,0,0,0,0,0,0,0,0,0,0,0,0,0,0,0,0,0,0,0,0,0,0,0,0,0,0,0,0,0,0,0,0,0,0,0,0,0
24,Node1-PC,System,2,1,2,1,2,1,2,2,1,4,1,2,1,2,1,2,1,2,1,2,1,2,2,1,2,1,2,1,2,1,2,1,2,1,2,1,2,2,1,2,1,2,1,2,1,2,1,2,1,2
25,Node1-PC,System Idle Process,2,1,2,1,2,1,2,2,1,4,1,2,1,2,1,2,1,2,1,2,1,2,2,1,2,1,2,1,2,1,2,1,2,1,2,1,2,2,1,2,1,2,1,2,1,2,1,2,1,2
26,Node1-PC,TiWorker.exe,0,0,0,0,0,0,0,0,0,3,1,2,1,0,0,0,0,0,0,0,0,0,0,0,0,0,0,0,0,0,0,0,0,0,2,1,2,2,1,0,0,0,0,0,0,0,0,0,0,0
27,Node1-PC,TrustedInstaller.exe,0,0,0,0,0,0,0,0,0,3,1,2,1,0,0,0,0,0,0,0,0,0,0,0,0,0,0,0,0,0,0,0,0,0,2,1,2,2,1,0,0,0,0,0,0,0,0,0,0,0
28,Node1-PC,VSSVC.exe,0,0,0,0,0,0,0,0,0,2,1,2,1,2,1,0,0,0,0,0,0,0,0,0,0,0,0,0,0,0,0,0,0,0,0,0,0,0,0,0,0,0,0,0,0,0,0,0,0,0
29,Node1-PC,WUDFHost.exe,2,1,2,1,2,1,2,2,1,4,1,2,1,2,1,2,1,2,1,2,1,2,2,1,2,1,2,1,2,1,2,1,2,1,2,1,2,2,1,2,1,2,1,2,1,2,1,2,1,2
30,Node1-PC,WmiPrvSE.exe,0,0,0,0,0,0,0,0,0,2,1,2,1,0,0,0,0,0,0,4,2,4,3,1,2,1,2,1,3,2,4,2,4,2,4,2,3,2,2,4,2,4,2,4,2,4,2,4,2,4
31,Node1-PC,audiodg.exe,2,1,2,1,2,1,1,0,0,0,0,0,0,0,0,0,0,0,0,0,0,0,0,0,0,0,0,0,0,0,0,0,0,0,0,0,0,0,0,0,0,0,0,0,0,0,0,0,0,0
32,Node1-PC,chrome.exe,18,9,18,9,18,9,18,18,9,36,9,18,9,18,9,18,9,18,9,18,9,18,18,9,18,9,18,9,18,9,18,9,18,9,18,9,18,18,9,18,9,18,9,18,9,18,9,18,9,18
33,Node1-PC,cleanmgr.exe,0,0,0,0,0,0,0,0,0,2,0,0,0,0,0,0,0,0,0,0,0,0,0,0,0,0,0,0,0,0,0,0,0,0,0,0,0,0,0,0,0,0,0,0,0,0,0,0,0,0
34,Node1-PC,cmd.exe,2,1,2,1,2,1,2,2,1,4,1,2,1,2,1,2,1,2,1,2,1,2,2,1,2,1,2,1,2,1,2,1,2,1,2,1,2,2,1,2,1,2,1,2,1,2,1,2,1,2
35,Node1-PC,conhost.exe,10,5,10,5,10,5,10,10,5,28,6,12,6,12,6,12,6,12,6,12,5,10,10,5,10,5,10,5,10,5,10,5,10,5,12,5,10,10,5,10,5,10,5,10,5,10,5,10,5,10
36,Node1-PC,csrss.exe,4,2,4,2,4,2,4,4,2,8,2,4,2,4,2,4,2,4,2,4,2,4,4,2,4,2,4,2,4,2,4,2,4,2,4,2,4,4,2,4,2,4,2,4,2,4,2,4,2,4
37,Node1-PC,default-browser-agent.exe,0,0,0,0,0,0,0,0,0,1,0,0,0,0,0,0,0,0,0,0,0,0,0,0,0,0,0,0,0,0,0,0,0,0,0,0,0,0,0,0,0,0,0,0,0,0,0,0,0,0
38,Node1-PC,dwm.exe,2,1,2,1,2,1,2,2,1,4,1,2,1,2,1,2,1,2,1,2,1,2,2,1,2,1,2,1,2,1,2,1,2,1,2,1,2,2,1,2,1,2,1,2,1,2,1,2,1,2
39,Node1-PC,explorer.exe,2,1,2,1,2,1,2,2,1,4,1,2,1,2,1,2,1,2,1,2,1,2,2,1,2,1,2,1,2,1,2,1,2,1,2,1,2,2,1,2,1,2,1,2,1,2,1,2,1,2
40,Node1-PC,firefox.exe,0,0,0,0,0,0,0,0,0,5,0,0,0,0,0,0,0,0,0,0,0,0,0,0,0,0,0,0,0,0,0,0,0,0,0,0,0,0,0,0,0,0,0,0,0,0,0,0,0,0
41,Node1-PC,lsass.exe,2,1,2,1,2,1,2,2,1,4,1,2,1,2,1,2,1,2,1,2,1,2,2,1,2,1,2,1,2,1,2,1,2,1,2,1,2,2,1,2,1,2,1,2,1,2,1,2,1,2
42,Node1-PC,mscorsvw.exe,0,0,0,0,0,0,0,0,0,2,0,0,0,0,0,0,0,0,0,0,0,0,0,0,0,0,0,0,0,0,0,0,0,0,0,0,0,0,0,0,0,0,0,0,0,0,0,0,0,0
43,Node1-PC,ngen.exe,0,0,0,0,0,0,0,0,0,6,0,0,0,0,0,0,0,0,0,0,0,0,0,0,0,0,0,0,0,0,0,0,0,0,0,0,0,0,0,0,0,0,0,0,0,0,0,0,0,0
44,Node1-PC,ngentask.exe,0,0,0,0,0,0,0,0,0,6,0,0,0,0,0,0,0,0,0,0,0,0,0,0,0,0,0,0,0,0,0,0,0,0,0,0,0,0,0,0,0,0,0,0,0,0,0,0,0,0
45,Node1-PC,opera_autoupdate.exe,0,0,0,0,0,0,0,0,0,4,0,0,0,0,0,0,0,0,0,0,0,0,0,0,0,0,0,0,0,0,0,0,0,0,0,0,0,0,0,0,0,0,0,0,0,0,0,0,0,0
46,Node1-PC,powershell.exe,8,4,8,4,8,4,8,8,4,16,4,8,4,8,4,8,4,8,4,8,4,8,8,4,8,4,8,4,8,4,8,4,8,4,8,4,8,8,4,8,4,8,4,8,4,8,4,8,4,8
47,Node1-PC,python.exe,2,1,2,1,2,1,2,2,1,4,1,2,1,2,1,2,1,2,1,2,1,2,2,1,2,1,2,1,2,1,2,1,2,1,2,1,2,2,1,2,1,2,1,2,1,2,1,2,1,2
48,Node1-PC,sedsvc.exe,2,1,2,1,2,1,2,2,1,4,1,2,1,2,1,2,1,2,1,2,1,2,2,1,2,1,2,1,2,1,2,1,2,1,2,1,2,2,1,2,1,2,1,2,1,2,1,2,1,2
49,Node1-PC,services.exe,2,1,2,1,2,1,2,2,1,4,1,2,1,2,1,2,1,2,1,2,1,2,2,1,2,1,2,1,2,1,2,1,2,1,2,1,2,2,1,2,1,2,1,2,1,2,1,2,1,2
50,Node1-PC,sihost.exe,2,1,2,1,2,1,2,2,1,4,1,2,1,2,1,2,1,2,1,2,1,2,2,1,2,1,2,1,2,1,2,1,2,1,2,1,2,2,1,2,1,2,1,2,1,2,1,2,1,2
51,Node1-PC,smss.exe,2,1,2,1,2,1,2,2,1,4,1,2,1,2,1,2,1,2,1,2,1,2,2,1,2,1,2,1,2,1,2,1,2,1,2,1,2,2,1,2,1,2,1,2,1,2,1,2,1,2
52,Node1-PC,spoolsv.exe,2,1,2,1,2,1,2,2,1,4,1,2,1,2,1,2,1,2,1,2,1,2,2,1,2,1,2,1,2,1,2,1,2,1,2,1,2,2,1,2,1,2,1,2,1,2,1,2,1,2
53,Node1-PC,sppsvc.exe,0,0,0,0,0,0,0,0,0,2,0,0,0,0,0,0,0,0,0,2,1,0,0,0,0,0,0,0,0,0,0,0,0,0,0,0,0,0,0,0,0,0,0,0,0,0,0,0,0,0
54,Node1-PC,svchost.exe,26,13,26,13,26,13,26,26,13,56,15,30,15,30,15,30,15,30,15,33,17,32,32,16,32,16,30,15,29,14,28,14,28,14,32,16,32,32,16,31,15,30,15,29,14,28,14,28,13,26
55,Node1-PC,taskeng.exe,0,0,0,0,0,0,1,2,1,4,1,2,1,2,1,0,0,0,0,0,0,0,0,0,0,0,0,0,1,1,4,2,4,2,4,2,4,4,2,3,1,2,1,2,1,2,1,2,1,2
56,Node1-PC,taskhostw.exe,2,1,2,1,2,1,2,2,1,7,1,2,1,2,1,2,1,2,1,2,1,2,2,1,2,1,2,1,2,1,2,1,2,1,7,2,4,4,2,4,2,4,2,4,2,4,1,2,1,2
57,Node1-PC,updater.exe,0,0,0,0,0,0,0,0,0,0,0,0,0,0,0,0,0,0,0,0,0,0,0,0,0,0,0,0,6,6,4,0,0,0,0,0,0,0,6,12,6,10,0,0,0,0,0,0,0,0
58,Node1-PC,wininit.exe,2,1,2,1,2,1,2,2,1,4,1,2,1,2,1,2,1,2,1,2,1,2,2,1,2,1,2,1,2,1,2,1,2,1,2,1,2,2,1,2,1,2,1,2,1,2,1,2,1,2
59,Node1-PC,winlogon.exe,2,1,2,1,2,1,2,2,1,4,1,2,1,2,1,2,1,2,1,2,1,2,2,1,2,1,2,1,2,1,2,1,2,1,2,1,2,2,1,2,1,2,1,2,1,2,1,2,1,2
60,Node1-PC,wuapihost.exe,0,0,0,0,0,0,0,0,0,1,1,2,1,2,1,2,1,2,1,2,1,2,2,1,2,0,0,0,0,0,0,0,0,0,0,0,0,0,0,0,0,0,0,0,0,0,0,0,0,0
