,0,1,2,3,4,5,6,7
0,Node1-PC,ApplicationFrameHost.exe,1,3,5,2,4,3
1,Node1-PC,Canva.exe,2,6,10,4,8,6
2,Node1-PC,Code.exe,8,24,40,16,32,24
3,Node1-PC,CompatTelRunner.exe,0,0,0,0,1,3
4,Node1-PC,DbxSvc.exe,1,3,5,2,4,3
5,Node1-PC,Discord.exe,6,18,30,12,24,18
6,Node1-PC,DropboxCrashHandler.exe,1,3,5,2,4,3
7,Node1-PC,GetSkype.exe,1,3,5,2,4,3
8,Node1-PC,InstallAgent.exe,0,0,0,0,1,0
9,Node1-PC,OneDrive.exe,1,3,5,2,4,3
10,Node1-PC,OneDriveStandaloneUpdater.exe,0,0,0,0,2,6
11,Node1-PC,PSEXESVC.exe,1,3,5,2,4,3
12,Node1-PC,PsExec.exe,1,3,5,2,4,3
13,Node1-PC,RuntimeBroker.exe,1,3,5,2,4,3
14,Node1-PC,SearchFilterHost.exe,1,3,5,2,3,3
15,Node1-PC,SearchIndexer.exe,1,3,5,2,4,3
16,Node1-PC,SearchProtocolHost.exe,1,3,5,2,4,3
17,Node1-PC,SearchUI.exe,1,3,5,2,4,3
18,Node1-PC,ShellExperienceHost.exe,1,3,5,2,4,3
19,Node1-PC,SppExtComObj.Exe,0,0,0,0,1,2
20,Node1-PC,System,1,3,5,2,4,3
21,Node1-PC,System Idle Process,1,3,5,2,4,3
22,Node1-PC,TiWorker.exe,0,0,0,0,1,3
23,Node1-PC,TrustedInstaller.exe,1,3,1,0,1,3
24,Node1-PC,UpdateAssistant.exe,0,0,1,0,1,0
25,Node1-PC,UsoClient.exe,0,0,0,0,1,0
26,Node1-PC,VSSVC.exe,0,3,4,0,0,1
27,Node1-PC,WUDFHost.exe,1,3,5,2,4,3
28,Node1-PC,WmiPrvSE.exe,0,5,5,2,4,5
29,Node1-PC,audiodg.exe,1,0,0,0,0,0
30,Node1-PC,backgroundTaskHost.exe,0,1,0,0,0,0
31,Node1-PC,chrome.exe,9,27,45,18,36,27
32,Node1-PC,conhost.exe,4,12,20,8,18,15
33,Node1-PC,csrss.exe,2,6,10,4,8,6
34,Node1-PC,default-browser-agent.exe,0,0,0,0,1,0
35,Node1-PC,dllhost.exe,0,0,0,0,1,0
36,Node1-PC,dwm.exe,1,3,5,2,4,3
37,Node1-PC,explorer.exe,1,3,5,2,4,3
38,Node1-PC,f4a39820dbff47fa1b68f83f575bc98ed33858b02341c5c0464a49be4e6c76d3.exe,1,3,5,2,4,3
39,Node1-PC,firefox.exe,0,0,0,0,2,0
40,Node1-PC,installer.exe,0,0,0,0,2,3
41,Node1-PC,lsass.exe,1,3,5,2,4,3
42,Node1-PC,notepad.exe,0,3,5,2,4,3
43,Node1-PC,opera_autoupdate.exe,0,0,0,0,4,12
44,Node1-PC,pingsender.exe,0,0,0,0,1,0
45,Node1-PC,powershell.exe,4,12,20,8,16,12
46,Node1-PC,python.exe,1,3,5,2,4,3
47,Node1-PC,rundll32.exe,1,2,0,0,0,0
48,Node1-PC,sedsvc.exe,1,3,5,2,4,3
49,Node1-PC,services.exe,1,3,5,2,4,3
50,Node1-PC,sihost.exe,1,3,5,2,4,3
51,Node1-PC,slui.exe,0,0,0,0,1,1
52,Node1-PC,smss.exe,1,3,5,2,4,3
53,Node1-PC,spoolsv.exe,1,3,5,2,4,3
54,Node1-PC,sppsvc.exe,0,0,0,0,1,2
55,Node1-PC,svchost.exe,13,42,70,28,56,43
56,Node1-PC,taskeng.exe,0,0,1,2,4,3
57,Node1-PC,taskhostw.exe,1,3,5,2,7,7
58,Node1-PC,vds.exe,0,3,5,2,4,3
59,Node1-PC,vdsldr.exe,0,1,0,0,0,0
60,Node1-PC,wbadmin.exe,0,1,0,0,0,0
61,Node1-PC,wbengine.exe,0,3,5,2,4,3
62,Node1-PC,wermgr.exe,0,0,0,0,1,1
63,Node1-PC,wininit.exe,1,3,5,2,4,3
64,Node1-PC,winlogon.exe,1,3,5,2,4,3
