,0,1,2,3,4,5,6,7,8,9,10,11,12,13,14,15,16,17,18,19,20,21,22,23,24,25,26,27,28,29,30,31,32,33,34,35,36,37,38
0,Node1-PC,ApplicationFrameHost.exe,2,1,2,1,2,2,1,2,1,2,1,2,1,2,1,2,1,2,2,1,2,1,2,1,2,1,2,1,2,1,2,1,2,1,2,1,2
1,Node1-PC,Canva.exe,4,2,4,2,4,4,2,4,2,4,2,4,2,4,2,4,2,4,4,2,4,2,4,2,4,2,4,2,4,2,4,2,4,2,4,2,4
2,Node1-PC,Code.exe,16,8,16,8,16,16,8,16,8,16,8,16,8,16,8,16,8,16,16,8,16,8,16,8,16,8,16,8,16,8,16,8,16,8,16,8,16
3,Node1-PC,CompatTelRunner.exe,0,0,0,0,0,0,0,0,0,0,0,0,0,1,1,2,1,2,2,1,4,3,4,3,2,0,0,0,0,0,0,0,0,0,0,0,0
4,Node1-PC,DbxSvc.exe,2,1,2,1,2,2,1,2,1,2,1,2,1,2,1,2,1,2,2,1,2,1,2,1,2,1,2,1,2,1,2,1,2,1,2,1,2
5,Node1-PC,Defrag.exe,0,0,0,0,0,0,0,0,0,0,0,0,0,0,0,0,0,0,0,0,1,1,0,0,0,0,0,0,0,0,0,0,0,0,0,0,0
6,Node1-PC,Discord.exe,12,6,12,6,12,12,6,12,6,12,6,12,6,12,6,12,6,12,12,6,12,6,12,6,12,6,12,6,12,6,12,6,12,6,12,6,12
7,Node1-PC,DiskSnapshot.exe,0,0,0,0,0,0,0,0,0,0,0,0,0,0,0,0,0,0,0,0,1,0,0,0,0,0,0,0,0,0,0,0,0,0,0,0,0
8,Node1-PC,DismHost.exe,0,0,0,0,0,0,0,0,1,1,0,0,0,0,0,0,0,0,0,0,0,0,1,0,0,0,0,0,0,0,0,0,0,0,0,0,0
9,Node1-PC,DropboxCrashHandler.exe,2,1,2,1,2,2,1,2,1,2,1,2,1,2,1,2,1,2,2,1,2,1,2,1,2,1,2,1,2,1,2,1,2,1,2,1,2
10,Node1-PC,GetSkype.exe,2,1,2,1,2,2,1,2,1,2,1,2,1,2,1,2,1,2,2,1,2,1,2,1,2,1,2,1,2,1,2,1,2,1,2,1,2
11,Node1-PC,InstallAgent.exe,0,0,0,0,0,0,0,0,0,0,0,0,0,1,0,0,0,0,0,0,0,0,0,0,0,0,0,0,0,0,0,0,0,0,0,0,0
12,Node1-PC,OneDrive.exe,2,1,2,1,2,2,1,2,1,2,1,2,1,2,1,2,1,2,2,1,2,1,2,1,2,1,2,1,2,1,2,1,2,1,2,1,2
13,Node1-PC,OneDriveStandaloneUpdater.exe,0,0,0,0,0,0,0,0,0,0,0,0,0,2,2,4,2,4,4,2,4,2,4,2,3,1,2,1,2,1,2,1,2,1,2,1,2
14,Node1-PC,PSEXESVC.exe,2,1,2,1,2,2,1,2,1,2,1,2,1,2,1,2,1,2,2,1,2,1,2,1,2,1,2,1,2,1,2,1,2,1,2,1,2
15,Node1-PC,PsExec.exe,2,1,2,1,2,2,1,2,1,2,1,2,1,2,1,2,1,2,2,1,2,1,2,1,2,1,2,1,2,1,2,1,2,1,2,1,2
16,Node1-PC,RuntimeBroker.exe,2,1,2,1,2,2,1,2,1,2,1,2,1,2,1,2,1,2,2,1,2,1,2,1,2,1,2,1,2,1,2,1,2,1,2,1,2
17,Node1-PC,SearchFilterHost.exe,1,1,2,1,2,2,1,2,1,2,1,2,1,2,1,2,1,2,2,1,2,1,2,1,2,1,2,1,2,1,2,1,2,1,2,1,2
18,Node1-PC,SearchIndexer.exe,2,1,2,1,2,2,1,2,1,2,1,2,1,2,1,2,1,2,2,1,2,1,2,1,2,1,2,1,2,1,2,1,2,1,2,1,2
19,Node1-PC,SearchProtocolHost.exe,2,1,2,1,2,2,1,2,1,2,1,2,1,2,1,2,1,2,2,1,2,1,2,1,2,1,2,1,2,1,2,1,2,1,2,1,2
20,Node1-PC,SearchUI.exe,2,1,2,1,2,2,1,2,1,2,1,2,1,2,1,2,1,2,2,1,2,1,2,1,2,1,2,1,2,1,2,1,2,1,2,1,2
21,Node1-PC,ShellExperienceHost.exe,2,1,2,1,2,2,1,2,1,2,1,2,1,2,1,2,1,2,2,1,2,1,2,1,2,1,2,1,2,1,2,1,2,1,2,1,2
22,Node1-PC,SppExtComObj.Exe,0,0,0,0,0,0,0,0,0,0,0,0,0,1,1,0,0,0,0,0,0,0,0,0,0,0,0,0,0,0,0,0,0,0,0,0,0
23,Node1-PC,System,2,1,2,1,2,2,1,2,1,2,1,2,1,2,1,2,1,2,2,1,2,1,2,1,2,1,2,1,2,1,2,1,2,1,2,1,2
24,Node1-PC,System Idle Process,2,1,2,1,2,2,1,2,1,2,1,2,1,2,1,2,1,2,2,1,2,1,2,1,2,1,2,1,2,1,2,1,2,1,2,1,2
25,Node1-PC,TiWorker.exe,0,0,0,0,0,0,0,0,0,2,1,2,1,2,1,2,1,1,0,0,0,1,2,1,2,1,2,0,0,0,0,0,0,0,0,0,0
26,Node1-PC,TrustedInstaller.exe,0,0,0,0,0,0,0,0,0,2,1,2,1,2,1,2,1,1,0,0,0,1,2,1,2,1,2,0,0,0,0,0,0,0,0,0,0
27,Node1-PC,UpdateAssistant.exe,0,0,0,0,0,0,0,0,0,0,0,0,0,0,0,0,0,0,0,0,1,0,0,0,0,0,0,0,0,0,0,0,0,0,0,0,0
28,Node1-PC,VSSVC.exe,0,0,0,0,0,0,0,0,0,0,1,2,1,2,1,2,1,2,2,0,0,0,0,0,0,0,0,0,0,0,0,0,0,0,0,0,0
29,Node1-PC,WUDFHost.exe,2,1,2,1,2,2,1,2,1,2,1,2,1,2,1,2,1,2,2,1,2,1,2,1,2,1,2,1,2,1,2,1,2,1,2,1,2
30,Node1-PC,WinSAT.exe,0,0,0,0,0,0,0,0,0,0,0,0,1,0,0,0,0,0,0,0,0,0,0,0,0,0,0,0,0,0,0,0,0,0,0,0,0
31,Node1-PC,WmiPrvSE.exe,0,0,0,0,0,0,0,0,0,1,1,2,2,4,2,4,2,2,2,1,2,2,4,2,4,2,4,2,2,1,2,1,2,2,4,2,4
32,Node1-PC,audiodg.exe,2,1,2,1,2,2,1,1,0,0,0,0,0,0,0,0,0,0,0,0,0,0,0,0,0,0,0,0,0,0,0,0,0,0,0,0,0
33,Node1-PC,chrome.exe,18,9,18,9,18,18,9,18,9,18,9,18,9,18,9,18,9,18,18,9,18,9,18,9,18,9,18,9,18,9,18,9,18,9,18,9,18
34,Node1-PC,cleanmgr.exe,0,0,0,0,0,0,0,0,1,1,0,0,0,0,0,0,0,0,0,0,1,1,2,0,0,0,0,0,0,0,0,0,0,0,0,0,0
35,Node1-PC,cmd.exe,2,1,2,1,2,2,1,2,1,2,1,2,1,2,1,2,1,2,2,1,2,1,2,1,2,1,2,1,2,1,2,1,2,1,2,1,2
36,Node1-PC,conhost.exe,10,5,10,5,10,10,5,10,7,14,6,12,6,11,6,12,6,12,12,6,20,11,15,6,11,5,10,5,10,5,10,5,10,5,10,5,10
37,Node1-PC,csrss.exe,4,2,4,2,4,4,2,4,2,4,2,4,2,4,2,4,2,4,4,2,4,2,4,2,4,2,4,2,4,2,4,2,4,2,4,2,4
38,Node1-PC,dasHost.exe,2,1,2,1,2,2,1,2,1,2,1,2,1,2,1,2,1,2,2,1,2,1,2,1,2,1,2,1,2,1,2,1,2,1,2,1,2
39,Node1-PC,default-browser-agent.exe,0,0,0,0,0,0,0,0,0,0,0,0,0,1,0,0,0,0,0,0,0,0,0,0,0,0,0,0,0,0,0,0,0,0,0,0,0
40,Node1-PC,dmclient.exe,0,0,0,0,0,0,0,0,0,0,0,0,0,0,0,0,0,0,0,0,1,0,0,0,0,0,0,0,0,0,0,0,0,0,0,0,0
41,Node1-PC,dstokenclean.exe,0,0,0,0,0,0,0,0,0,0,0,0,0,0,0,0,0,0,0,0,1,0,0,0,0,0,0,0,0,0,0,0,0,0,0,0,0
42,Node1-PC,dwm.exe,2,1,2,1,2,2,1,2,1,2,1,2,1,2,1,2,1,2,2,1,2,1,2,1,2,1,2,1,2,1,2,1,2,1,2,1,2
43,Node1-PC,explorer.exe,2,1,2,1,2,2,1,2,1,2,1,2,1,2,1,2,1,2,2,1,2,1,2,1,2,1,2,1,2,1,2,1,2,1,2,1,2
44,Node1-PC,firefox.exe,0,0,0,0,0,0,0,0,0,0,0,0,0,5,0,0,0,0,0,0,0,0,0,0,0,0,0,0,0,0,0,0,0,0,0,0,0
45,Node1-PC,installer.exe,0,0,0,0,0,0,0,0,0,0,0,0,0,1,0,0,0,0,0,0,0,0,0,0,0,0,0,0,0,0,0,0,0,0,0,0,0
46,Node1-PC,lsass.exe,2,1,2,1,2,2,1,2,1,2,1,2,1,2,1,2,1,2,2,1,2,1,2,1,2,1,2,1,2,1,2,1,2,1,2,1,2
47,Node1-PC,mcbuilder.exe,0,0,0,0,0,0,0,0,0,0,1,2,0,0,0,0,0,0,0,0,0,0,0,0,0,0,0,0,0,0,0,0,0,0,0,0,0
48,Node1-PC,mscorsvw.exe,0,0,0,0,0,0,0,0,1,2,0,0,0,0,0,0,0,0,0,0,0,0,0,0,0,0,0,0,0,0,0,0,0,0,0,0,0
49,Node1-PC,ngen.exe,0,0,0,0,0,0,0,0,2,4,0,0,0,0,0,0,0,0,0,0,0,0,0,0,0,0,0,0,0,0,0,0,0,0,0,0,0
50,Node1-PC,ngentask.exe,0,0,0,0,0,0,0,0,2,4,0,0,0,0,0,0,0,0,0,0,0,2,2,0,0,0,0,0,0,0,0,0,0,0,0,0,0
51,Node1-PC,opera_autoupdate.exe,0,0,0,0,0,0,0,0,0,0,0,0,0,4,2,0,0,0,0,0,0,0,0,0,0,0,0,0,0,0,0,0,0,0,0,0,0
52,Node1-PC,powershell.exe,8,4,8,4,8,8,4,8,4,8,4,8,4,8,4,8,4,8,8,4,8,4,8,4,8,4,8,4,8,4,8,4,8,4,8,4,8
53,Node1-PC,python.exe,2,1,2,1,2,2,1,2,1,2,1,2,1,2,1,2,1,2,2,1,2,1,2,1,2,1,2,1,2,1,2,1,2,1,2,1,2
54,Node1-PC,rundll32.exe,0,0,0,0,0,0,0,0,0,0,0,0,1,0,0,0,0,0,0,0,2,0,0,0,0,0,0,0,0,0,0,0,0,0,0,0,0
55,Node1-PC,sc.exe,0,0,0,0,0,0,0,0,0,0,0,0,0,0,0,0,0,0,0,0,1,0,0,0,0,0,0,0,0,0,0,0,0,0,0,0,0
56,Node1-PC,sdiagnhost.exe,0,0,0,0,0,0,0,0,0,0,0,0,0,0,0,0,0,0,0,0,1,0,0,0,0,0,0,0,0,0,0,0,0,0,0,0,0
57,Node1-PC,sedsvc.exe,2,1,2,1,2,2,1,2,1,2,1,2,1,2,1,2,1,2,2,1,2,1,2,1,2,1,2,1,2,1,2,1,2,1,2,1,2
58,Node1-PC,services.exe,2,1,2,1,2,2,1,2,1,2,1,2,1,2,1,2,1,2,2,1,2,1,2,1,2,1,2,1,2,1,2,1,2,1,2,1,2
59,Node1-PC,sihost.exe,2,1,2,1,2,2,1,2,1,2,1,2,1,2,1,2,1,2,2,1,2,1,2,1,2,1,2,1,2,1,2,1,2,1,2,1,2
60,Node1-PC,smss.exe,2,1,2,1,2,2,1,2,1,2,1,2,1,2,1,2,1,2,2,1,2,1,2,1,2,1,2,1,2,1,2,1,2,1,2,1,2
61,Node1-PC,spoolsv.exe,2,1,2,1,2,2,1,2,1,2,1,2,1,2,1,2,1,2,2,1,2,1,2,1,2,1,2,1,2,1,2,1,2,1,2,1,2
62,Node1-PC,sppsvc.exe,0,0,0,0,0,0,0,0,0,0,0,0,0,1,1,0,0,0,0,0,0,0,0,1,2,1,0,0,0,0,0,0,0,0,0,0,0
63,Node1-PC,svchost.exe,28,14,28,14,26,26,13,26,13,26,14,28,14,29,15,30,15,30,30,15,30,16,32,17,36,17,34,17,32,16,31,15,30,14,28,14,28
64,Node1-PC,taskeng.exe,2,1,2,1,1,0,0,0,0,1,1,2,1,2,1,2,1,2,2,0,0,0,0,0,0,0,0,0,0,0,0,0,0,1,3,2,4
65,Node1-PC,taskhostw.exe,2,1,2,1,2,2,1,2,2,4,2,4,1,2,1,2,1,2,2,1,6,4,5,2,4,2,4,2,4,2,4,2,4,2,4,2,4
66,Node1-PC,tzsync.exe,0,0,0,0,0,0,0,0,0,0,0,0,0,0,0,0,0,0,0,0,1,0,0,0,0,0,0,0,0,0,0,0,0,0,0,0,0
67,Node1-PC,updater.exe,0,0,0,0,0,0,0,0,0,0,0,0,0,0,0,0,0,0,0,0,0,0,0,0,0,0,0,0,0,0,0,0,0,6,6,0,0
68,Node1-PC,wininit.exe,2,1,2,1,2,2,1,2,1,2,1,2,1,2,1,2,1,2,2,1,2,1,2,1,2,1,2,1,2,1,2,1,2,1,2,1,2
69,Node1-PC,winlogon.exe,2,1,2,1,2,2,1,2,1,2,1,2,1,2,1,2,1,2,2,1,2,1,2,1,2,1,2,1,2,1,2,1,2,1,2,1,2
70,Node1-PC,wuapihost.exe,2,0,0,0,0,0,0,0,0,0,0,0,0,0,1,2,1,2,2,1,2,1,2,1,2,1,2,1,2,1,0,0,0,0,0,0,0
