,0,1,2,3,4,5,6,7,8,9,10,11,12,13,14,15,16,17,18,19,20,21,22,23,24,25,26,27,28,29,30,31
0,Node1-PC,ApplicationFrameHost.exe,3,1,2,1,4,1,2,2,1,2,2,1,2,2,2,1,2,2,1,2,2,1,2,1,2,2,1,2,1,3
1,Node1-PC,Canva.exe,6,2,4,2,8,2,4,4,2,4,4,2,4,4,4,2,4,4,2,4,4,2,4,2,4,4,2,4,2,6
2,Node1-PC,Code.exe,24,8,16,8,32,8,16,16,8,16,16,8,16,16,16,8,16,16,8,16,16,8,16,8,16,16,8,16,8,24
3,Node1-PC,CompatTelRunner.exe,0,0,0,0,2,1,2,2,1,2,2,1,2,6,2,0,0,0,0,0,0,0,0,0,0,0,0,0,0,4
4,Node1-PC,DbxSvc.exe,3,1,2,1,4,1,2,2,1,2,2,1,2,2,2,1,2,2,1,2,2,1,2,1,2,2,1,2,1,3
5,Node1-PC,Defrag.exe,0,0,0,0,0,0,0,0,0,0,0,0,0,0,0,0,0,0,0,0,0,0,0,0,0,0,0,0,0,2
6,Node1-PC,Discord.exe,18,6,12,6,24,6,12,12,6,12,12,6,12,12,12,6,12,12,6,12,12,6,12,6,12,12,6,12,6,18
7,Node1-PC,DiskSnapshot.exe,0,0,0,0,0,0,0,0,0,0,0,0,0,0,0,0,0,0,0,0,0,0,0,0,0,0,0,0,0,2
8,Node1-PC,DropboxCrashHandler.exe,3,1,2,1,4,1,2,2,1,2,2,1,2,2,2,1,2,2,1,2,2,1,2,1,2,2,1,2,1,3
9,Node1-PC,GetSkype.exe,3,1,2,1,4,1,2,2,1,2,2,1,2,2,2,1,2,2,1,2,2,1,2,1,2,2,1,2,1,3
10,Node1-PC,InstallAgent.exe,0,0,0,0,1,0,0,0,0,0,0,0,0,0,0,0,0,0,0,0,0,0,0,0,0,0,0,0,0,0
11,Node1-PC,Microsoft.Photos.exe,0,0,0,0,0,0,0,0,0,0,0,0,0,0,0,0,0,0,0,0,0,0,0,0,0,0,0,0,0,2
12,Node1-PC,Microsoft.SharePoint.exe,0,0,0,0,0,0,0,0,0,0,0,0,0,0,0,0,0,0,0,0,0,0,0,0,0,1,0,0,0,0
13,Node1-PC,OneDrive.exe,3,1,2,1,4,1,2,2,1,2,2,1,2,2,2,1,2,2,1,2,2,1,2,1,2,2,1,2,1,3
14,Node1-PC,OneDriveStandaloneUpdater.exe,0,0,0,0,4,2,4,4,2,4,4,2,4,2,2,1,2,2,1,2,2,1,2,1,2,1,0,0,0,0
15,Node1-PC,PSEXESVC.exe,3,1,2,1,4,1,2,2,1,2,2,1,2,2,2,1,2,2,1,2,2,1,2,1,2,2,1,2,1,3
16,Node1-PC,PsExec.exe,3,1,2,1,4,1,2,2,1,2,2,1,2,2,2,1,2,2,1,2,2,1,2,1,2,2,1,2,1,3
17,Node1-PC,RUXIMICS.exe,0,0,0,0,1,0,0,0,0,0,0,0,0,0,0,0,0,0,0,0,0,0,0,0,0,0,0,0,0,0
18,Node1-PC,RuntimeBroker.exe,3,1,2,1,4,1,2,2,1,2,2,1,2,2,2,1,2,2,1,2,2,1,2,1,2,2,1,2,1,3
19,Node1-PC,SIHClient.exe,0,0,0,0,1,0,0,0,0,0,0,0,0,0,0,0,0,0,0,0,0,0,0,0,0,0,0,0,0,0
20,Node1-PC,SearchFilterHost.exe,3,0,2,1,4,1,2,2,1,2,2,1,2,2,2,1,2,2,1,2,2,1,2,1,2,2,1,2,1,3
21,Node1-PC,SearchIndexer.exe,3,1,2,1,4,1,2,2,1,2,2,1,2,2,2,1,2,2,1,2,2,1,2,1,2,2,1,2,1,3
22,Node1-PC,SearchProtocolHost.exe,3,1,2,1,4,1,2,2,1,2,2,1,2,2,2,1,2,2,1,2,2,1,2,1,2,2,1,2,1,3
23,Node1-PC,SearchUI.exe,3,1,2,1,4,1,2,2,1,2,2,1,2,2,2,1,2,2,1,2,2,1,2,1,2,2,1,2,1,3
24,Node1-PC,ShellExperienceHost.exe,3,1,2,1,4,1,2,2,1,2,2,1,2,2,2,1,2,2,1,2,2,1,2,1,2,2,1,2,1,3
25,Node1-PC,SppExtComObj.Exe,0,0,0,0,1,1,0,0,0,0,0,0,0,0,0,0,0,0,0,0,0,0,0,0,0,0,0,0,0,0
26,Node1-PC,System,3,1,2,1,4,1,2,2,1,2,2,1,2,2,2,1,2,2,1,2,2,1,2,1,2,2,1,2,1,3
27,Node1-PC,System Idle Process,3,1,2,1,4,1,2,2,1,2,2,1,2,2,2,1,2,2,1,2,2,1,2,1,2,2,1,2,1,3
28,Node1-PC,TiWorker.exe,0,0,0,0,1,1,2,2,1,1,0,0,0,0,0,0,0,0,0,0,0,0,0,0,0,0,0,0,0,1
29,Node1-PC,TrustedInstaller.exe,0,0,0,0,1,1,2,2,1,1,0,0,0,0,0,0,0,0,0,0,0,0,0,0,0,0,0,0,0,1
30,Node1-PC,UpdateAssistant.exe,0,0,0,0,1,0,0,0,0,0,0,0,0,0,0,0,0,0,0,0,0,0,0,0,0,0,0,0,0,2
31,Node1-PC,UsoClient.exe,0,0,0,0,1,0,0,0,0,0,0,0,0,0,0,0,0,0,0,0,0,0,0,0,0,0,0,0,0,0
32,Node1-PC,VSSVC.exe,0,0,0,0,0,0,2,2,1,2,2,0,0,0,0,0,0,0,0,0,0,0,0,0,0,0,0,0,0,0
33,Node1-PC,WUDFHost.exe,3,1,2,1,4,1,2,2,1,2,2,1,2,2,2,1,2,2,1,2,2,1,2,1,2,2,1,2,1,3
34,Node1-PC,WmiPrvSE.exe,3,1,1,0,1,1,2,0,0,0,0,0,0,3,4,2,3,3,2,4,4,2,4,2,4,4,2,2,1,4
35,Node1-PC,audiodg.exe,3,1,2,1,4,0,0,0,0,0,0,0,0,0,0,0,0,0,0,0,0,0,0,0,0,0,0,0,0,0
36,Node1-PC,backgroundTaskHost.exe,0,0,0,0,4,1,0,0,0,0,0,0,0,0,0,0,0,0,0,0,0,0,0,0,0,0,0,0,0,0
37,Node1-PC,chrome.exe,27,9,18,9,36,9,18,18,9,18,18,9,18,18,18,9,18,18,9,18,18,9,18,9,18,18,9,18,9,27
38,Node1-PC,cleanmgr.exe,0,0,0,0,0,0,0,0,0,0,0,0,0,0,0,0,0,0,0,0,0,0,0,0,0,0,0,0,0,2
39,Node1-PC,conhost.exe,12,4,8,4,21,5,10,10,5,10,10,5,10,10,9,4,8,8,4,8,8,4,8,4,8,8,4,8,4,26
40,Node1-PC,csrss.exe,6,2,4,2,8,2,4,4,2,4,4,2,4,4,4,2,4,4,2,4,4,2,4,2,4,4,2,4,2,6
41,Node1-PC,culauncher.exe,0,0,0,0,0,0,0,0,0,0,0,0,0,0,0,0,0,0,0,0,0,0,1,0,0,0,0,0,0,0
42,Node1-PC,dasHost.exe,3,1,2,1,4,1,2,2,1,2,2,1,2,2,2,1,2,2,1,2,2,1,2,1,2,2,1,2,1,3
43,Node1-PC,default-browser-agent.exe,0,0,0,0,1,0,0,0,0,0,0,0,0,0,0,0,0,0,0,0,0,0,0,0,0,0,0,0,0,0
44,Node1-PC,dllhost.exe,0,0,0,0,1,0,0,0,0,0,0,0,0,0,0,0,0,0,0,0,0,0,0,0,0,0,0,0,0,0
45,Node1-PC,dmclient.exe,0,0,0,0,0,0,0,0,0,0,0,0,0,0,0,0,0,0,0,0,0,0,0,0,0,0,0,0,0,2
46,Node1-PC,dstokenclean.exe,0,0,0,0,0,0,0,0,0,0,0,0,0,0,0,0,0,0,0,0,0,0,0,0,0,0,0,0,0,2
47,Node1-PC,dwm.exe,3,1,2,1,4,1,2,2,1,2,2,1,2,2,2,1,2,2,1,2,2,1,2,1,2,2,1,2,1,3
48,Node1-PC,explorer.exe,3,1,2,1,4,1,2,2,1,2,2,1,2,2,2,1,2,2,1,2,2,1,2,1,2,2,1,2,1,3
49,Node1-PC,firefox.exe,0,0,0,0,7,0,0,0,0,0,0,0,0,0,0,0,0,0,0,0,0,0,0,0,0,0,0,0,0,0
50,Node1-PC,lsass.exe,3,1,2,1,4,1,2,2,1,2,2,1,2,2,2,1,2,2,1,2,2,1,2,1,2,2,1,2,1,3
51,Node1-PC,opera_autoupdate.exe,0,0,0,0,6,4,0,0,0,0,0,0,0,0,0,0,0,0,0,0,0,0,0,0,0,0,0,0,0,0
52,Node1-PC,pingsender.exe,0,0,0,0,1,0,0,0,0,0,0,0,0,0,0,0,0,0,0,0,0,0,0,0,0,0,0,0,0,0
53,Node1-PC,powershell.exe,12,4,8,4,16,4,8,8,4,8,8,4,8,8,8,4,8,8,4,8,8,4,8,4,8,8,4,8,4,12
54,Node1-PC,python.exe,3,1,2,1,4,1,2,2,1,2,2,1,2,2,2,1,2,2,1,2,2,1,2,1,2,2,1,2,1,3
55,Node1-PC,rundll32.exe,3,1,2,1,4,1,2,2,1,2,2,1,2,2,2,1,2,2,1,2,2,1,2,1,2,2,1,2,1,6
56,Node1-PC,sc.exe,0,0,0,0,0,0,0,0,0,0,0,0,0,0,0,0,0,0,0,0,0,0,0,0,0,0,0,0,0,2
57,Node1-PC,schtasks.exe,0,0,0,0,1,0,0,0,0,0,0,0,0,0,0,0,0,0,0,0,0,0,0,0,0,0,0,0,0,0
58,Node1-PC,sdiagnhost.exe,0,0,0,0,0,0,0,0,0,0,0,0,0,0,0,0,0,0,0,0,0,0,0,0,0,0,0,0,0,1
59,Node1-PC,sedsvc.exe,3,1,2,1,4,1,2,2,1,2,2,1,2,2,2,1,2,2,1,2,2,1,2,1,2,2,1,2,1,3
60,Node1-PC,services.exe,3,1,2,1,4,1,2,2,1,2,2,1,2,2,2,1,2,2,1,2,2,1,2,1,2,2,1,2,1,3
61,Node1-PC,sihost.exe,3,1,2,1,4,1,2,2,1,2,2,1,2,2,2,1,2,2,1,2,2,1,2,1,2,2,1,2,1,3
62,Node1-PC,slui.exe,0,0,0,0,2,0,0,0,0,0,0,0,0,0,0,0,0,0,0,0,0,0,0,0,0,0,0,0,0,0
63,Node1-PC,smss.exe,3,1,2,1,4,1,2,2,1,2,2,1,2,2,2,1,2,2,1,2,2,1,2,1,2,2,1,2,1,3
64,Node1-PC,spoolsv.exe,3,1,2,1,4,1,2,2,1,2,2,1,2,2,2,1,2,2,1,2,2,1,2,1,2,2,1,2,1,3
65,Node1-PC,sppsvc.exe,0,0,0,0,1,1,0,0,0,0,0,0,0,2,1,0,0,0,0,0,0,0,0,0,0,0,0,0,0,0
66,Node1-PC,svchost.exe,39,13,26,13,53,14,30,30,15,30,30,15,30,33,34,17,32,32,16,31,30,15,28,14,28,28,14,28,14,44
67,Node1-PC,taskeng.exe,0,1,2,1,4,1,2,2,1,0,0,0,0,0,0,0,0,1,1,2,2,1,2,2,4,4,2,4,2,6
68,Node1-PC,taskhostw.exe,3,1,2,1,8,2,2,2,1,2,2,1,2,2,2,1,2,2,1,2,2,1,2,1,2,2,1,2,1,11
69,Node1-PC,tzsync.exe,0,0,0,0,0,0,0,0,0,0,0,0,0,0,0,0,0,0,0,0,0,0,0,0,0,0,0,0,0,2
70,Node1-PC,updater.exe,0,0,0,0,0,0,0,0,0,0,0,0,0,0,0,0,0,6,0,0,6,6,10,0,0,0,0,0,0,0
71,Node1-PC,wermgr.exe,0,0,0,0,2,0,0,0,0,0,0,0,0,0,0,0,0,0,0,0,0,0,0,0,0,0,0,0,0,0
72,Node1-PC,wininit.exe,3,1,2,1,4,1,2,2,1,2,2,1,2,2,2,1,2,2,1,2,2,1,2,1,2,2,1,2,1,3
73,Node1-PC,winlogon.exe,3,1,2,1,4,1,2,2,1,2,2,1,2,2,2,1,2,2,1,2,2,1,2,1,2,2,1,2,1,3
74,Node1-PC,wsqmcons.exe,0,0,0,0,2,0,0,0,0,0,0,0,0,0,0,0,0,0,0,0,0,0,0,0,0,0,0,0,0,0
75,Node1-PC,wuapihost.exe,0,0,0,0,0,1,2,2,1,2,2,1,2,2,2,1,2,2,1,0,0,0,0,0,0,0,0,0,0,0
