,0,1,2,3,4,5,6,7,8,9,10,11,12,13,14,15,16,17,18,19,20,21,22,23,24,25,26,27,28,29,30,31,32,33,34,35,36,37,38,39,40
0,Node1-PC,ApplicationFrameHost.exe,1,2,1,2,1,2,1,2,1,2,1,2,1,2,2,1,2,1,2,1,2,1,2,1,2,1,2,1,2,1,2,1,2,1,2,1,2,1,2
1,Node1-PC,Canva.exe,2,4,2,4,2,4,2,4,2,4,2,4,2,4,4,2,4,2,4,2,4,2,4,2,4,2,4,2,4,2,4,2,4,2,4,2,4,2,4
2,Node1-PC,Code.exe,8,16,8,16,8,16,8,16,8,16,8,16,8,16,16,8,16,8,16,8,16,8,16,8,16,8,16,8,16,8,16,8,16,8,16,8,16,8,16
3,Node1-PC,CompatTelRunner.exe,0,0,0,0,0,0,0,0,0,4,0,0,0,0,0,0,0,0,0,0,0,0,0,0,0,0,0,0,0,0,0,0,0,0,0,0,0,0,0
4,Node1-PC,DbxSvc.exe,1,2,1,2,1,2,1,2,1,2,1,2,1,2,2,1,2,1,2,1,2,1,2,1,2,1,2,1,2,1,2,1,2,1,2,1,2,1,2
5,Node1-PC,Defrag.exe,0,0,0,0,0,0,0,0,0,1,0,0,0,0,0,0,0,0,0,0,0,0,0,0,0,0,0,0,0,0,0,0,0,0,0,0,0,0,0
6,Node1-PC,Discord.exe,6,12,6,12,6,12,6,12,6,12,6,12,6,12,12,6,12,6,12,6,12,6,12,6,12,6,12,6,12,6,12,6,12,6,12,6,12,6,12
7,Node1-PC,DiskSnapshot.exe,0,0,0,0,0,0,0,0,0,1,0,0,0,0,0,0,0,0,0,0,0,0,0,0,0,0,0,0,0,0,0,0,0,0,0,0,0,0,0
8,Node1-PC,DismHost.exe,0,0,0,0,0,0,0,0,0,2,1,0,0,0,0,0,0,0,0,0,0,0,0,0,0,0,0,0,0,0,0,0,0,0,0,0,0,0,0
9,Node1-PC,DropboxCrashHandler.exe,1,2,1,2,1,2,1,2,1,2,1,2,1,2,2,1,2,1,2,1,2,1,2,1,2,1,2,1,2,1,2,1,2,1,2,1,2,1,2
10,Node1-PC,GetSkype.exe,1,2,1,2,1,2,1,2,1,2,1,2,1,2,2,1,2,1,2,1,2,1,2,1,2,1,2,1,2,1,2,1,2,1,2,1,2,1,2
11,Node1-PC,Microsoft.Photos.exe,0,0,0,0,0,0,0,0,0,2,1,0,0,0,0,0,0,0,0,0,0,0,0,0,0,0,0,0,0,0,0,0,0,0,0,0,0,0,0
12,Node1-PC,OneDrive.exe,1,2,1,2,1,2,1,2,1,2,1,2,1,2,2,1,2,1,2,1,2,1,2,1,2,1,2,1,2,1,2,1,2,1,2,1,2,1,2
13,Node1-PC,OneDriveStandaloneUpdater.exe,1,2,1,1,0,0,0,0,0,0,0,0,0,0,0,0,0,0,0,0,0,0,0,0,0,0,0,0,0,0,0,0,0,0,0,0,0,0,0
14,Node1-PC,PSEXESVC.exe,1,2,1,2,1,2,1,2,1,2,1,2,1,2,2,1,2,1,2,1,2,1,2,1,2,1,2,1,2,1,2,1,2,1,2,1,2,1,2
15,Node1-PC,PsExec.exe,1,2,1,2,1,2,1,2,1,2,1,2,1,2,2,1,2,1,2,1,2,1,2,1,2,1,2,1,2,1,2,1,2,1,2,1,2,1,2
16,Node1-PC,RuntimeBroker.exe,1,2,1,2,1,2,1,2,1,2,1,2,1,2,2,1,2,1,2,1,2,1,2,1,2,1,2,1,2,1,2,1,2,1,2,1,2,1,2
17,Node1-PC,SearchFilterHost.exe,0,2,1,2,1,2,1,2,1,2,1,2,1,2,2,1,2,1,2,1,2,1,2,1,2,1,2,1,2,1,2,1,2,1,2,1,2,1,2
18,Node1-PC,SearchIndexer.exe,1,2,1,2,1,2,1,2,1,2,1,2,1,2,2,1,2,1,2,1,2,1,2,1,2,1,2,1,2,1,2,1,2,1,2,1,2,1,2
19,Node1-PC,SearchProtocolHost.exe,1,2,1,2,1,2,1,2,1,2,1,2,1,2,2,1,2,1,2,1,2,1,2,1,2,1,2,1,2,1,2,1,2,1,2,1,2,1,2
20,Node1-PC,SearchUI.exe,1,2,1,2,1,2,1,2,1,2,1,2,1,2,2,1,2,1,2,1,2,1,2,1,2,1,2,1,2,1,2,1,2,1,2,1,2,1,2
21,Node1-PC,ShellExperienceHost.exe,1,2,1,2,1,2,1,2,1,2,1,2,1,2,2,1,2,1,2,1,2,1,2,1,2,1,2,1,2,1,2,1,2,1,2,1,2,1,2
22,Node1-PC,System,1,2,1,2,1,2,1,2,1,2,1,2,1,2,2,1,2,1,2,1,2,1,2,1,2,1,2,1,2,1,2,1,2,1,2,1,2,1,2
23,Node1-PC,System Idle Process,1,2,1,2,1,2,1,2,1,2,1,2,1,2,2,1,2,1,2,1,2,1,2,1,2,1,2,1,2,1,2,1,2,1,2,1,2,1,2
24,Node1-PC,TiWorker.exe,0,0,0,0,0,0,0,0,0,1,1,2,1,2,1,0,0,0,0,0,0,0,0,0,0,0,0,0,0,0,0,0,0,0,0,0,0,0,0
25,Node1-PC,TrustedInstaller.exe,0,0,0,0,0,0,0,0,0,2,1,2,1,2,1,0,0,0,0,0,0,0,0,0,0,0,0,0,0,0,0,0,0,0,0,0,0,0,0
26,Node1-PC,WUDFHost.exe,1,2,1,2,1,2,1,2,1,2,1,2,1,2,2,1,2,1,2,1,2,1,2,1,2,1,2,1,2,1,2,1,2,1,2,1,2,1,2
27,Node1-PC,WmiPrvSE.exe,1,2,1,2,1,3,2,4,2,4,2,4,2,2,2,1,2,1,2,1,2,1,2,1,2,1,2,1,2,1,2,1,2,1,2,1,2,1,2
28,Node1-PC,chrome.exe,9,18,9,18,9,18,9,18,9,18,9,18,9,18,18,9,18,9,18,9,18,9,18,9,18,9,18,9,18,9,18,9,18,9,18,9,18,9,18
29,Node1-PC,cleanmgr.exe,0,0,0,0,0,0,0,0,0,2,1,0,0,0,0,0,0,0,0,0,0,0,0,0,0,0,0,0,0,0,0,0,0,0,0,0,0,0,0
30,Node1-PC,conhost.exe,4,8,4,8,4,8,4,8,4,17,6,8,4,8,8,4,8,4,8,4,8,4,8,4,8,4,8,4,8,4,8,4,8,4,8,4,8,4,8
31,Node1-PC,csrss.exe,2,4,2,4,2,4,2,4,2,4,2,4,2,4,4,2,4,2,4,2,4,2,4,2,4,2,4,2,4,2,4,2,4,2,4,2,4,2,4
32,Node1-PC,dasHost.exe,1,2,1,2,1,2,1,2,1,2,1,2,1,2,2,1,2,1,2,1,2,1,2,1,2,1,2,1,2,1,2,1,2,1,2,1,2,1,2
33,Node1-PC,dwm.exe,1,2,1,2,1,2,1,2,1,2,1,2,1,2,2,1,2,1,2,1,2,1,2,1,2,1,2,1,2,1,2,1,2,1,2,1,2,1,2
34,Node1-PC,explorer.exe,1,2,1,2,1,2,1,2,1,2,1,2,1,2,2,1,2,1,2,1,2,1,2,1,2,1,2,1,2,1,2,1,2,1,2,1,2,1,2
35,Node1-PC,lsass.exe,1,2,1,2,1,2,1,2,1,2,1,2,1,2,2,1,2,1,2,1,2,1,2,1,2,1,2,1,2,1,2,1,2,1,2,1,2,1,2
36,Node1-PC,mscorsvw.exe,0,0,0,0,0,0,0,0,0,0,1,0,0,0,0,0,0,0,0,0,0,0,0,0,0,0,0,0,0,0,0,0,0,0,0,0,0,0,0
37,Node1-PC,ngen.exe,0,0,0,0,0,0,0,0,0,0,2,0,0,0,0,0,0,0,0,0,0,0,0,0,0,0,0,0,0,0,0,0,0,0,0,0,0,0,0
38,Node1-PC,ngentask.exe,0,0,0,0,0,0,0,0,0,1,2,0,0,0,0,0,0,0,0,0,0,0,0,0,0,0,0,0,0,0,0,0,0,0,0,0,0,0,0
39,Node1-PC,powershell.exe,4,8,4,8,4,8,4,8,4,8,4,8,4,8,8,4,8,4,8,4,8,4,8,4,8,4,8,4,8,4,8,4,8,4,8,4,8,4,8
40,Node1-PC,python.exe,1,2,1,2,1,2,1,2,1,2,1,2,1,2,2,1,2,1,2,1,2,1,2,1,2,1,2,1,2,1,2,1,2,1,2,1,2,1,2
41,Node1-PC,rundll32.exe,1,2,1,2,1,2,1,2,1,2,1,2,1,2,2,1,0,0,0,0,0,0,0,0,0,0,0,0,0,0,0,0,0,0,0,0,0,0,0
42,Node1-PC,sdiagnhost.exe,0,0,0,0,0,0,0,0,0,1,0,0,0,0,0,0,0,0,0,0,0,0,0,0,0,0,0,0,0,0,0,0,0,0,0,0,0,0,0
43,Node1-PC,sedsvc.exe,1,2,1,2,1,2,1,2,1,2,1,2,1,2,2,1,2,1,2,1,2,1,2,1,2,1,2,1,2,1,2,1,2,1,2,1,2,1,2
44,Node1-PC,services.exe,1,2,1,2,1,2,1,2,1,2,1,2,1,2,2,1,2,1,2,1,2,1,2,1,2,1,2,1,2,1,2,1,2,1,2,1,2,1,2
45,Node1-PC,sihost.exe,1,2,1,2,1,2,1,2,1,2,1,2,1,2,2,1,2,1,2,1,2,1,2,1,2,1,2,1,2,1,2,1,2,1,2,1,2,1,2
46,Node1-PC,smss.exe,1,2,1,2,1,2,1,2,1,2,1,2,1,2,2,1,2,1,2,1,2,1,2,1,2,1,2,1,2,1,2,1,2,1,2,1,2,1,2
47,Node1-PC,spoolsv.exe,1,2,1,2,1,2,1,2,1,2,1,2,1,2,2,1,2,1,2,1,2,1,2,1,2,1,2,1,2,1,2,1,2,1,2,1,2,1,2
48,Node1-PC,svchost.exe,16,32,16,30,15,30,14,28,14,32,16,32,16,32,32,15,30,15,29,14,28,14,28,14,28,13,26,13,26,13,26,13,26,13,26,13,26,13,26
49,Node1-PC,taskeng.exe,1,2,1,2,0,1,2,4,2,4,2,4,2,4,4,2,0,0,0,0,0,0,0,0,0,0,0,0,0,0,0,0,0,0,0,0,0,0,0
50,Node1-PC,taskhostw.exe,1,2,1,2,1,2,1,2,1,7,3,4,2,4,4,2,2,1,2,1,2,1,2,1,2,2,4,2,4,2,4,2,4,2,4,2,4,2,4
51,Node1-PC,updater.exe,0,0,0,0,0,6,0,0,0,0,0,0,0,0,0,0,0,0,0,0,0,0,0,0,0,0,0,0,0,0,0,0,0,0,0,0,0,0,0
52,Node1-PC,wininit.exe,1,2,1,2,1,2,1,2,1,2,1,2,1,2,2,1,2,1,2,1,2,1,2,1,2,1,2,1,2,1,2,1,2,1,2,1,2,1,2
53,Node1-PC,winlogon.exe,1,2,1,2,1,2,1,2,1,2,1,2,1,2,2,1,2,1,2,1,2,1,2,1,2,1,2,1,2,1,2,1,2,1,2,1,2,1,2
54,Node1-PC,wuapihost.exe,1,2,1,1,0,0,0,0,0,0,0,0,0,0,0,0,0,0,0,0,0,0,0,0,0,0,0,0,0,0,0,0,0,0,0,0,0,0,0
