,0,1,2,3,4,5,6
0,Node1-PC,ApplicationFrameHost.exe,2,5,2,3,1
1,Node1-PC,Canva.exe,4,10,4,6,2
2,Node1-PC,Code.exe,16,40,16,24,8
3,Node1-PC,DbxSvc.exe,1,0,0,0,0
4,Node1-PC,Discord.exe,12,30,12,18,6
5,Node1-PC,DropboxCrashHandler.exe,2,5,2,3,1
6,Node1-PC,GetSkype.exe,2,5,2,3,1
7,Node1-PC,OneDrive.exe,2,5,2,3,1
8,Node1-PC,PSEXESVC.exe,2,5,2,3,1
9,Node1-PC,PsExec.exe,2,5,2,3,1
10,Node1-PC,RuntimeBroker.exe,2,5,2,3,1
11,Node1-PC,SearchFilterHost.exe,2,5,2,3,1
12,Node1-PC,SearchIndexer.exe,2,5,2,3,1
13,Node1-PC,SearchProtocolHost.exe,2,5,2,3,1
14,Node1-PC,SearchUI.exe,2,5,2,3,1
15,Node1-PC,ShellExperienceHost.exe,2,5,2,3,1
16,Node1-PC,System,2,5,2,3,1
17,Node1-PC,System Idle Process,2,5,2,3,1
18,Node1-PC,VSSVC.exe,0,4,2,1,0
19,Node1-PC,WUDFHost.exe,2,5,2,3,1
20,Node1-PC,WmiPrvSE.exe,3,5,2,3,1
21,Node1-PC,audiodg.exe,0,1,2,3,1
22,Node1-PC,chrome.exe,18,45,18,27,9
23,Node1-PC,conhost.exe,8,20,8,12,4
24,Node1-PC,csrss.exe,4,10,4,6,2
25,Node1-PC,dasHost.exe,2,5,0,0,0
26,Node1-PC,dwm.exe,2,5,2,3,1
27,Node1-PC,e90bdaaf5f9ca900133b699f18e4062562148169b29cb4eb37a0577388c22527.exe,2,5,1,0,0
28,Node1-PC,explorer.exe,2,5,2,3,1
29,Node1-PC,lsass.exe,2,5,2,3,1
30,Node1-PC,powershell.exe,8,20,8,12,4
31,Node1-PC,python.exe,2,5,2,3,1
32,Node1-PC,sedsvc.exe,2,2,0,0,0
33,Node1-PC,services.exe,2,5,2,3,1
34,Node1-PC,sihost.exe,2,5,2,3,1
35,Node1-PC,smss.exe,2,5,2,3,1
36,Node1-PC,spoolsv.exe,2,5,2,3,1
37,Node1-PC,svchost.exe,30,76,30,45,15
38,Node1-PC,taskeng.exe,4,10,4,4,0
39,Node1-PC,taskhostw.exe,2,5,2,3,1
40,Node1-PC,wininit.exe,2,5,2,3,1
41,Node1-PC,winlogon.exe,2,5,2,3,1
